layer,expert_idx,neuron_idx,stratum,T_K,base_acc,int_acc,base_loss,int_loss,baseline_margin,ablated_margin,delta_acc,delta_loss,margin_damage
8,38,737,Q1,2.538805165386293e-05,0.478,0.48,14.2642890625,14.2679296875,-0.8849765625,-0.8872265625,-0.0020000000000000018,0.003640625000000952,0.0022499999999999742
8,15,443,Q1,2.469771243340801e-05,0.478,0.48,14.2642890625,14.2659453125,-0.8849765625,-0.8897734375,-0.0020000000000000018,0.0016562499999999147,0.004796875000000034
8,33,162,Q1,6.641199888690608e-06,0.478,0.482,14.2642890625,14.2660625,-0.8849765625,-0.883625,-0.0040000000000000036,0.0017734375000006963,-0.0013515625000000142
8,58,651,Q1,2.16813223232748e-05,0.478,0.478,14.2642890625,14.2605390625,-0.8849765625,-0.8788203125,0.0,-0.003750000000000142,-0.006156249999999974
8,22,391,Q1,1.216615692101186e-05,0.478,0.48,14.2642890625,14.267671875,-0.8849765625,-0.886265625,-0.0020000000000000018,0.003382812499999943,0.0012890624999999378
8,7,407,Q1,1.7481537724961527e-05,0.478,0.482,14.2642890625,14.2696953125,-0.8849765625,-0.8891640625,-0.0040000000000000036,0.005406250000000057,0.004187500000000011
8,59,279,Q1,9.741717803990468e-06,0.478,0.48,14.2642890625,14.26065625,-0.8849765625,-0.8773203125,-0.0020000000000000018,-0.0036328124999993605,-0.007656250000000031
8,38,192,Q1,3.1725656299386173e-05,0.478,0.478,14.2642890625,14.2723203125,-0.8849765625,-0.893328125,0.0,0.008031250000000156,0.00835156250000002
8,19,135,Q1,2.9116590667399574e-05,0.478,0.478,14.2642890625,14.2630390625,-0.8849765625,-0.8840078125,0.0,-0.0012499999999988631,-0.0009687499999999627
8,33,837,Q1,6.333844794426113e-06,0.478,0.48,14.2642890625,14.2636640625,-0.8849765625,-0.8835078125,-0.0020000000000000018,-0.0006249999999994316,-0.0014687500000000187
8,45,826,Q2,4.7109282604651526e-05,0.478,0.484,14.2642890625,14.262484375,-0.8849765625,-0.881515625,-0.006000000000000005,-0.0018046874999999574,-0.003460937499999983
8,54,715,Q2,4.656226155930199e-05,0.478,0.482,14.2642890625,14.265375,-0.8849765625,-0.88440625,-0.0040000000000000036,0.0010859375000009663,-0.0005703125000000586
8,19,120,Q2,3.457352431723848e-05,0.478,0.478,14.2642890625,14.2642265625,-0.8849765625,-0.8864765625,0.0,-6.250000000029843e-05,0.0014999999999999458
8,51,839,Q2,4.413079295773059e-05,0.478,0.482,14.2642890625,14.26603125,-0.8849765625,-0.8835390625,-0.0040000000000000036,0.001742187499999659,-0.0014374999999999805
8,2,17,Q2,3.747694063349627e-05,0.478,0.482,14.2642890625,14.260359375,-0.8849765625,-0.8813984375,-0.0040000000000000036,-0.003929687499999446,-0.0035781249999999876
8,2,913,Q2,4.099116267752834e-05,0.478,0.478,14.2642890625,14.26053125,-0.8849765625,-0.88146875,0.0,-0.0037578124999999574,-0.003507812499999985
8,41,872,Q2,3.613023363868706e-05,0.478,0.478,14.2642890625,14.2670703125,-0.8849765625,-0.8888203125,0.0,0.0027812499999999574,0.0038437500000000346
8,51,499,Q2,5.258255987428129e-05,0.478,0.482,14.2642890625,14.2658515625,-0.8849765625,-0.8852890625,-0.0040000000000000036,0.0015625000000003553,0.00031249999999993783
8,54,46,Q2,5.028018858865835e-05,0.478,0.48,14.2642890625,14.263421875,-0.8849765625,-0.882859375,-0.0020000000000000018,-0.0008671874999990337,-0.0021171875000000062
8,40,958,Q2,3.442859815550037e-05,0.478,0.482,14.2642890625,14.2665,-0.8849765625,-0.8861953125,-0.0040000000000000036,0.002210937500001009,0.0012187500000000462
8,20,213,Q3,6.653960736002773e-05,0.478,0.484,14.2642890625,14.265078125,-0.8849765625,-0.889015625,-0.006000000000000005,0.0007890625000008811,0.004039062499999968
8,31,684,Q3,6.597594619961455e-05,0.478,0.478,14.2642890625,14.262546875,-0.8849765625,-0.8797734375,0.0,-0.001742187499999659,-0.005203124999999975
8,4,169,Q3,5.499955295817927e-05,0.478,0.48,14.2642890625,14.2656328125,-0.8849765625,-0.8868203125,-0.0020000000000000018,0.001343750000000199,0.0018437500000000329
8,62,524,Q3,6.372881034621969e-05,0.478,0.478,14.2642890625,14.2637890625,-0.8849765625,-0.8889375,0.0,-0.0004999999999988347,0.003960937500000039
8,7,200,Q3,5.754215089837089e-05,0.478,0.478,14.2642890625,14.2614921875,-0.8849765625,-0.8814765625,0.0,-0.002796874999999588,-0.0035000000000000586
8,62,769,Q3,6.094439231674187e-05,0.478,0.482,14.2642890625,14.2730078125,-0.8849765625,-0.890515625,-0.0040000000000000036,0.008718749999999886,0.005539062500000025
8,32,1009,Q3,5.637595313601196e-05,0.478,0.48,14.2642890625,14.269265625,-0.8849765625,-0.8869296875,-0.0020000000000000018,0.0049765624999995595,0.001953125
8,51,389,Q3,7.21463147783652e-05,0.478,0.482,14.2642890625,14.2616171875,-0.8849765625,-0.8788046875,-0.0040000000000000036,-0.002671874999998991,-0.006171875000000049
8,45,536,Q3,6.973471317905933e-05,0.478,0.482,14.2642890625,14.2629921875,-0.8849765625,-0.8856640625,-0.0040000000000000036,-0.001296874999999531,0.000687499999999952
8,43,933,Q3,5.487387534230948e-05,0.478,0.48,14.2642890625,14.264609375,-0.8849765625,-0.88365625,-0.0020000000000000018,0.00032031249999953104,-0.001320312499999976
8,13,117,Q4,8.995060488814488e-05,0.478,0.476,14.2642890625,14.2687109375,-0.8849765625,-0.887375,0.0020000000000000018,0.004421875000000242,0.002398437500000017
8,28,931,Q4,8.913472265703604e-05,0.478,0.478,14.2642890625,14.2695546875,-0.8849765625,-0.8924609375,0.0,0.0052656249999998295,0.0074843749999999876
8,55,918,Q4,7.496874604839832e-05,0.478,0.48,14.2642890625,14.271640625,-0.8849765625,-0.8932421875,-0.0020000000000000018,0.007351562500000242,0.008265624999999943
8,34,325,Q4,8.588298805989325e-05,0.478,0.48,14.2642890625,14.2636953125,-0.8849765625,-0.8868828125,-0.0020000000000000018,-0.0005937500000001705,0.0019062499999999982
8,18,831,Q4,7.797394937369972e-05,0.478,0.482,14.2642890625,14.2649453125,-0.8849765625,-0.877234375,-0.0040000000000000036,0.000656250000000469,-0.007742187499999997
8,12,974,Q4,8.204719051718712e-05,0.478,0.478,14.2642890625,14.269171875,-0.8849765625,-0.8848515625,0.0,0.0048828125,-0.00012500000000004174
8,55,195,Q4,7.658552203793079e-05,0.478,0.482,14.2642890625,14.2689296875,-0.8849765625,-0.8896640625,-0.0040000000000000036,0.004640625000000398,0.004687499999999956
8,28,1012,Q4,9.90363914752379e-05,0.478,0.478,14.2642890625,14.268421875,-0.8849765625,-0.886671875,0.0,0.004132812499999972,0.0016953124999999902
8,16,411,Q4,9.490928641753273e-05,0.478,0.478,14.2642890625,14.263703125,-0.8849765625,-0.8850625,0.0,-0.0005859375000003553,8.593749999996625e-05
8,36,877,Q4,7.48066304367967e-05,0.478,0.48,14.2642890625,14.2695859375,-0.8849765625,-0.8933984375,-0.0020000000000000018,0.005296875000000867,0.008421875000000023
8,10,350,Q5,0.0001488621346652,0.478,0.484,14.2642890625,14.2631640625,-0.8849765625,-0.8832109375,-0.006000000000000005,-0.0011250000000000426,-0.001765624999999993
8,4,205,Q5,0.0001450010022381,0.478,0.482,14.2642890625,14.2631328125,-0.8849765625,-0.8816640625,-0.0040000000000000036,-0.0011562499999993037,-0.0033125000000000515
8,24,1008,Q5,0.0001041932555381,0.478,0.478,14.2642890625,14.2658046875,-0.8849765625,-0.88678125,0.0,0.0015156249999996874,0.0018046874999999574
8,10,167,Q5,0.0001321519957855,0.478,0.48,14.2642890625,14.2671328125,-0.8849765625,-0.8858515625,-0.0020000000000000018,0.002843750000000256,0.0008749999999999591
8,6,619,Q5,0.0001105322226067,0.478,0.482,14.2642890625,14.2624296875,-0.8849765625,-0.8856015625,-0.0040000000000000036,-0.0018593750000004405,0.0006249999999999867
8,14,177,Q5,0.0001204894942929,0.478,0.48,14.2642890625,14.261484375,-0.8849765625,-0.8814921875,-0.0020000000000000018,-0.002804687499999403,-0.003484374999999984
8,17,707,Q5,0.0001073979074135,0.478,0.478,14.2642890625,14.26853125,-0.8849765625,-0.88728125,0.0,0.004242187500000938,0.0023046875000000133
8,49,633,Q5,0.0002588817733339,0.478,0.478,14.2642890625,14.268625,-0.8849765625,-0.8885,0.0,0.004335937500000497,0.0035234374999999485
8,35,904,Q5,0.0001831948029575,0.478,0.476,14.2642890625,14.2660546875,-0.8849765625,-0.8830546875,0.0020000000000000018,0.001765625000000881,-0.0019218749999999618
8,53,819,Q5,0.0001038917107507,0.478,0.474,14.2642890625,14.264828125,-0.8849765625,-0.87965625,0.0040000000000000036,0.0005390624999996874,-0.00532031249999998
