0.0,NaN,NaN,NaN,NaN,0.002234607725057562,NaN,NaN,0.0011283853851418832,NaN,0.001732711447340564,0.002333122421312754,NaN,NaN,NaN,NaN,0.0013553752815717043,NaN,NaN,0.0014635534593223558,NaN,NaN,NaN,NaN,NaN,0.0013210855120024314,NaN,NaN,0.001796765642182026,NaN,NaN,NaN,0.0016600989051720478,NaN,NaN,NaN,NaN,0.003224990299833196,NaN,0.001255920571892367,NaN,NaN,NaN,0.0011678139817043029,NaN,NaN,NaN,NaN,NaN,NaN,NaN,NaN,NaN,NaN,NaN,NaN,0.0022803822724422455,0.001910124576202293,NaN,NaN,NaN,0.0038458073674952314,NaN,NaN
NaN,0.0,0.0014997644967161164,NaN,NaN,NaN,NaN,0.0007889063412294866,0.000840575747697379,0.0013255877984064812,0.0013382843989250208,NaN,NaN,NaN,NaN,NaN,NaN,NaN,NaN,NaN,NaN,NaN,0.005599871696269139,NaN,NaN,0.0010025366671496962,NaN,NaN,0.0014822007479637482,NaN,0.0016949660484911107,NaN,NaN,NaN,0.0014940082506799991,NaN,NaN,NaN,NaN,NaN,0.0012940214600640205,NaN,NaN,NaN,NaN,NaN,NaN,NaN,NaN,NaN,0.0011087590492275443,0.0011140671820630786,NaN,NaN,NaN,NaN,NaN,NaN,0.002401239657554544,0.0009181683714856669,NaN,0.0034410878371626996,NaN,NaN
NaN,0.0014997644967161164,0.0,NaN,NaN,NaN,NaN,NaN,NaN,NaN,NaN,NaN,NaN,NaN,0.0019265966960014353,NaN,NaN,NaN,NaN,NaN,NaN,NaN,0.012365002124994168,NaN,0.002227575020605393,0.0013897189885587779,0.003851603196857978,NaN,NaN,NaN,NaN,NaN,NaN,NaN,0.001912115692389599,NaN,NaN,NaN,NaN,0.0013270821730205482,NaN,NaN,NaN,NaN,NaN,NaN,NaN,NaN,NaN,NaN,NaN,0.0015410844897845537,0.0025287615151087356,0.00170636064875856,NaN,NaN,NaN,NaN,0.0028047353843587536,NaN,0.0012336093731462993,NaN,NaN,NaN
NaN,NaN,NaN,0.0,NaN,0.0016731172846559642,NaN,NaN,NaN,NaN,NaN,0.001787037902750029,NaN,NaN,0.0012470717845173924,0.0020798614549692104,NaN,0.0012915374459913837,NaN,NaN,NaN,NaN,NaN,NaN,NaN,NaN,0.0032847416669786575,NaN,NaN,NaN,NaN,NaN,NaN,NaN,NaN,NaN,NaN,NaN,NaN,0.0006420356367210807,0.0010873617263462833,NaN,NaN,NaN,NaN,NaN,NaN,0.0006853244203057552,NaN,NaN,NaN,NaN,0.001961634079806571,NaN,NaN,NaN,NaN,NaN,NaN,NaN,NaN,NaN,NaN,NaN
NaN,NaN,NaN,NaN,0.0,NaN,NaN,0.0006506337309394852,0.0005989595075320824,0.0011743428463725214,NaN,0.0018755338393271984,NaN,0.0007941088650574539,NaN,NaN,NaN,NaN,0.0034721228566820784,0.0009904349030320887,NaN,0.0015373819115684347,0.01090770040570579,NaN,NaN,NaN,0.0032992222526286646,NaN,NaN,0.0007841380739303433,NaN,NaN,NaN,NaN,NaN,0.0010170389275330001,NaN,NaN,0.0007613421365216187,0.0007289451838145444,0.0011132266496983912,0.0013584336798129644,NaN,NaN,NaN,NaN,NaN,NaN,NaN,NaN,NaN,NaN,0.001944395400410382,NaN,NaN,NaN,NaN,NaN,NaN,NaN,0.0006956892001540667,NaN,NaN,NaN
0.002234607725057562,NaN,NaN,0.0016731172846559642,NaN,0.0,NaN,0.0015868599655858397,0.0015997811414622215,NaN,NaN,NaN,NaN,NaN,NaN,NaN,NaN,NaN,NaN,0.0019243678857354097,NaN,NaN,0.010716215725876893,NaN,NaN,NaN,NaN,NaN,NaN,NaN,NaN,NaN,NaN,NaN,0.0022507051205724344,NaN,NaN,NaN,NaN,0.0016721774208478732,NaN,NaN,0.0016832171275174223,NaN,NaN,0.003111828043837699,NaN,NaN,NaN,NaN,NaN,NaN,NaN,NaN,NaN,NaN,NaN,NaN,NaN,NaN,NaN,NaN,NaN,NaN
NaN,NaN,NaN,NaN,NaN,NaN,0.0,NaN,NaN,NaN,NaN,0.0027115773331558915,NaN,NaN,NaN,NaN,NaN,NaN,NaN,NaN,NaN,0.002296811565517678,NaN,NaN,NaN,0.0016569707240768855,NaN,0.0016269201639130693,NaN,NaN,NaN,NaN,NaN,0.0023254895219299537,NaN,NaN,0.0018854829960725115,NaN,0.0015695733280172107,NaN,NaN,NaN,NaN,NaN,NaN,NaN,NaN,NaN,NaN,NaN,NaN,NaN,NaN,NaN,NaN,NaN,0.002632382155538105,0.0021751968724274683,NaN,NaN,NaN,NaN,NaN,0.002306580729500287
NaN,0.0007889063412294866,NaN,NaN,0.0006506337309394852,0.0015868599655858397,NaN,0.0,NaN,NaN,NaN,NaN,0.001675493279590723,NaN,0.0012360713353734758,NaN,NaN,NaN,NaN,NaN,NaN,NaN,0.010735303299029775,NaN,NaN,0.0007212216409318979,NaN,NaN,NaN,NaN,NaN,NaN,NaN,NaN,NaN,NaN,NaN,NaN,NaN,NaN,NaN,NaN,NaN,NaN,NaN,0.0020714183156570775,NaN,NaN,NaN,NaN,NaN,NaN,NaN,NaN,0.0006682553497203119,NaN,NaN,NaN,NaN,NaN,NaN,NaN,0.0007794563026445015,0.001414576804902535
0.0011283853851418832,0.000840575747697379,NaN,NaN,0.0005989595075320824,0.0015997811414622215,NaN,NaN,0.0,NaN,NaN,0.0016830588031779045,NaN,NaN,NaN,NaN,NaN,NaN,NaN,0.0008046137461427317,NaN,NaN,NaN,0.0010587549899987298,NaN,NaN,NaN,NaN,0.001222267932741519,NaN,NaN,NaN,NaN,NaN,NaN,NaN,0.0008930899202823639,NaN,NaN,NaN,NaN,0.0011851040589476774,0.0005858495465835233,NaN,0.002006904465425585,NaN,NaN,NaN,NaN,0.001044951560133662,0.0008846696504732393,0.0008426829554812096,NaN,NaN,NaN,NaN,NaN,NaN,NaN,0.0005630956476327941,0.0005243715973868348,NaN,0.000815431882727855,NaN
NaN,0.0013255877984064812,NaN,NaN,0.0011743428463725214,NaN,NaN,NaN,NaN,0.0,NaN,NaN,NaN,0.001179829676903494,NaN,NaN,NaN,0.001648870367765044,NaN,NaN,NaN,NaN,NaN,NaN,NaN,NaN,NaN,NaN,NaN,NaN,NaN,NaN,NaN,NaN,0.0017505252219552586,NaN,NaN,NaN,NaN,NaN,NaN,NaN,NaN,NaN,NaN,NaN,NaN,0.0011416278474628686,NaN,NaN,0.0013590872944001793,NaN,NaN,NaN,NaN,0.0017108421597861931,NaN,NaN,0.0026656427731448725,NaN,NaN,NaN,NaN,NaN
0.001732711447340564,0.0013382843989250208,NaN,NaN,NaN,NaN,NaN,NaN,NaN,NaN,0.0,NaN,0.002282739925876843,NaN,NaN,NaN,NaN,NaN,NaN,NaN,NaN,0.0018284703863342465,NaN,NaN,NaN,NaN,NaN,NaN,0.001790442233567273,NaN,NaN,NaN,NaN,NaN,NaN,NaN,NaN,NaN,NaN,0.0012463179720088931,NaN,NaN,NaN,NaN,NaN,NaN,NaN,NaN,NaN,NaN,NaN,NaN,NaN,NaN,0.0013592127805896713,NaN,0.002242539732422146,0.001840115320829186,NaN,NaN,0.0011573736475752542,0.003697464810321492,0.0014344691809107725,NaN
0.002333122421312754,NaN,NaN,0.001787037902750029,0.0018755338393271984,NaN,0.0027115773331558915,NaN,0.0016830588031779045,NaN,NaN,0.0,NaN,0.0018774505813905897,NaN,NaN,0.001945888552025294,NaN,NaN,NaN,0.0023269038319453533,NaN,NaN,NaN,0.002772617603916955,NaN,NaN,NaN,NaN,NaN,0.0028398482852481826,NaN,NaN,NaN,NaN,NaN,NaN,NaN,NaN,NaN,NaN,NaN,NaN,NaN,NaN,NaN,0.0018450843813418386,NaN,NaN,NaN,NaN,0.002083782702113171,NaN,NaN,NaN,NaN,NaN,NaN,NaN,NaN,NaN,NaN,NaN,NaN
NaN,NaN,NaN,NaN,NaN,NaN,NaN,0.001675493279590723,NaN,NaN,0.002282739925876843,NaN,0.0,NaN,NaN,0.0030294929735586373,NaN,NaN,NaN,NaN,NaN,NaN,NaN,NaN,NaN,NaN,NaN,NaN,NaN,NaN,NaN,0.001851760360437291,0.002122280793592468,0.002417704823943418,NaN,NaN,NaN,NaN,0.0017844295074215565,NaN,NaN,NaN,NaN,0.0017342940140593613,0.0031075240665390984,NaN,NaN,NaN,NaN,0.0021614167482933494,NaN,0.001929176866535283,0.002723022493686312,NaN,NaN,NaN,NaN,NaN,0.003242208718957297,NaN,NaN,0.004458279140593162,0.0019790634766634193,NaN
NaN,NaN,NaN,NaN,0.0007941088650574539,NaN,NaN,NaN,NaN,0.001179829676903494,NaN,0.0018774505813905897,NaN,0.0,0.0013904240936521775,NaN,NaN,NaN,NaN,NaN,NaN,NaN,0.01057470479283176,0.0012407257417003516,NaN,NaN,NaN,0.000801752576504188,NaN,NaN,NaN,NaN,NaN,NaN,NaN,NaN,NaN,NaN,NaN,NaN,NaN,NaN,NaN,NaN,NaN,NaN,NaN,NaN,NaN,NaN,NaN,NaN,NaN,NaN,NaN,NaN,NaN,0.0014613453118470813,NaN,NaN,NaN,NaN,0.0009959575017633377,NaN
NaN,NaN,0.0019265966960014353,0.0012470717845173924,NaN,NaN,NaN,0.0012360713353734758,NaN,NaN,NaN,NaN,NaN,0.0013904240936521775,0.0,NaN,NaN,NaN,NaN,NaN,NaN,NaN,NaN,NaN,0.002210219050525524,NaN,NaN,NaN,NaN,NaN,NaN,NaN,NaN,NaN,NaN,NaN,NaN,NaN,0.001357803047314423,NaN,NaN,NaN,0.0013542296008714288,NaN,NaN,0.0028120910143898995,0.0014044388396712115,NaN,NaN,NaN,NaN,NaN,NaN,NaN,NaN,0.001972500344106855,NaN,NaN,NaN,NaN,NaN,NaN,NaN,NaN
NaN,NaN,NaN,0.0020798614549692104,NaN,NaN,NaN,NaN,NaN,NaN,NaN,NaN,0.0030294929735586373,NaN,NaN,0.0,NaN,NaN,NaN,NaN,NaN,0.002833123351646966,0.014361295745134077,NaN,NaN,0.0021646312228140374,0.004578527932266102,NaN,NaN,NaN,NaN,NaN,NaN,NaN,NaN,NaN,0.002342172568150677,NaN,NaN,0.0021172096011094934,NaN,NaN,NaN,NaN,NaN,NaN,NaN,NaN,NaN,0.0025040523975282535,NaN,NaN,NaN,NaN,NaN,NaN,NaN,NaN,NaN,NaN,NaN,NaN,NaN,0.002791811552589841
0.0013553752815717043,NaN,NaN,NaN,NaN,NaN,NaN,NaN,NaN,NaN,NaN,0.001945888552025294,NaN,NaN,NaN,NaN,0.0,NaN,NaN,NaN,NaN,0.0015953803750307493,NaN,NaN,NaN,NaN,0.003374258376936272,NaN,0.0014452684059270172,NaN,0.0017370278784736037,0.0008828451942821509,NaN,0.001486495962178653,NaN,NaN,0.0011132406617981488,NaN,NaN,NaN,NaN,NaN,NaN,NaN,NaN,NaN,NaN,NaN,NaN,NaN,NaN,NaN,NaN,NaN,NaN,0.001450042025196666,NaN,0.0015206061532108013,NaN,NaN,0.0007099542950134795,NaN,NaN,NaN
NaN,NaN,NaN,0.0012915374459913837,NaN,NaN,NaN,NaN,NaN,0.001648870367765044,NaN,NaN,NaN,NaN,NaN,NaN,NaN,0.0,NaN,NaN,NaN,NaN,NaN,NaN,NaN,0.0013895955657755997,0.0037766430210469932,0.0013131250653824747,0.0017740462293166406,NaN,NaN,NaN,NaN,NaN,NaN,NaN,0.0015251738190906001,NaN,NaN,0.0013035133228953364,0.0016130162993314974,NaN,NaN,0.0011942961999728545,NaN,NaN,NaN,0.0013013134825152063,NaN,0.0017045316946206802,NaN,NaN,NaN,NaN,NaN,NaN,NaN,NaN,NaN,NaN,NaN,NaN,0.0014849571997526123,NaN
NaN,NaN,NaN,NaN,0.0034721228566820784,NaN,NaN,NaN,NaN,NaN,NaN,NaN,NaN,NaN,NaN,NaN,NaN,NaN,0.0,NaN,NaN,NaN,NaN,NaN,NaN,NaN,0.005877139121679271,NaN,NaN,NaN,NaN,NaN,NaN,NaN,NaN,NaN,NaN,NaN,0.003483214822030805,NaN,NaN,NaN,NaN,NaN,NaN,NaN,NaN,NaN,NaN,0.00389883736442561,NaN,NaN,NaN,NaN,NaN,NaN,NaN,NaN,0.004983242475950347,NaN,NaN,NaN,NaN,NaN
0.0014635534593223558,NaN,NaN,NaN,0.0009904349030320887,0.0019243678857354097,NaN,NaN,0.0008046137461427317,NaN,NaN,NaN,NaN,NaN,NaN,NaN,NaN,NaN,NaN,0.0,NaN,NaN,NaN,NaN,NaN,0.0010515029523134752,NaN,0.0009680500309995718,NaN,NaN,NaN,0.0010101071994705528,NaN,0.001701109831990156,NaN,NaN,NaN,NaN,0.0009424166624862965,NaN,NaN,NaN,NaN,NaN,0.002378967263085474,NaN,NaN,0.0009456001844177741,NaN,0.0013611472495816189,0.001200938138011848,NaN,NaN,NaN,NaN,NaN,NaN,NaN,NaN,0.0009169656096868702,NaN,0.003544618518324133,NaN,0.0017509271275410522
NaN,NaN,NaN,NaN,NaN,NaN,NaN,NaN,NaN,NaN,NaN,0.0023269038319453533,NaN,NaN,NaN,NaN,NaN,NaN,NaN,NaN,0.0,NaN,NaN,NaN,NaN,NaN,NaN,NaN,NaN,NaN,NaN,0.0012789463792572454,NaN,NaN,NaN,NaN,NaN,0.0031148471091641053,NaN,NaN,NaN,NaN,NaN,NaN,NaN,0.002655053030199,NaN,NaN,0.002592823052096518,0.0016612621401031035,NaN,NaN,NaN,NaN,NaN,NaN,NaN,NaN,NaN,NaN,NaN,NaN,NaN,NaN
NaN,NaN,NaN,NaN,0.0015373819115684347,NaN,0.002296811565517678,NaN,NaN,NaN,0.0018284703863342465,NaN,NaN,NaN,NaN,0.002833123351646966,0.0015953803750307493,NaN,NaN,NaN,NaN,0.0,0.012739860975371439,NaN,0.0024154343420361157,NaN,0.0039987201514575235,NaN,0.002126334302490691,NaN,NaN,0.0015721429068636021,NaN,NaN,NaN,NaN,NaN,0.0034533637022259,NaN,NaN,NaN,0.002109814568752272,NaN,NaN,NaN,NaN,NaN,NaN,NaN,NaN,NaN,NaN,NaN,NaN,0.0016009374008976202,NaN,NaN,NaN,NaN,NaN,NaN,NaN,NaN,NaN
NaN,0.005599871696269139,0.012365002124994168,NaN,0.01090770040570579,0.010716215725876893,NaN,0.010735303299029775,NaN,NaN,NaN,NaN,NaN,0.01057470479283176,NaN,0.014361295745134077,NaN,NaN,NaN,NaN,NaN,0.012739860975371439,0.0,NaN,NaN,0.009993269777854858,NaN,NaN,0.008659229183341556,NaN,0.013871721206655517,NaN,0.009113608892773566,0.013292746428256475,NaN,NaN,NaN,0.010915774462471101,0.01360021484953479,NaN,NaN,NaN,NaN,NaN,NaN,NaN,NaN,NaN,0.012850986951556108,0.012655230695852528,NaN,NaN,0.01029910443034669,NaN,NaN,0.007526532935407526,NaN,NaN,NaN,NaN,NaN,NaN,NaN,0.009250859254777692
NaN,NaN,NaN,NaN,NaN,NaN,NaN,NaN,0.0010587549899987298,NaN,NaN,NaN,NaN,0.0012407257417003516,NaN,NaN,NaN,NaN,NaN,NaN,NaN,NaN,NaN,0.0,NaN,NaN,NaN,0.0012365450004554585,NaN,0.0012268928969205036,NaN,NaN,NaN,NaN,0.0018266232599068147,0.0014376649675394131,NaN,NaN,0.0011691081492809664,NaN,NaN,NaN,NaN,NaN,NaN,NaN,NaN,NaN,NaN,NaN,NaN,NaN,NaN,NaN,NaN,NaN,NaN,0.0018625428437325814,0.0027441639060285243,NaN,NaN,NaN,NaN,NaN
NaN,NaN,0.002227575020605393,NaN,NaN,NaN,NaN,NaN,NaN,NaN,NaN,0.002772617603916955,NaN,NaN,0.002210219050525524,NaN,NaN,NaN,NaN,NaN,NaN,0.0024154343420361157,NaN,NaN,0.0,NaN,0.004066187664208867,0.0017357075348957407,NaN,NaN,0.002559535887520443,NaN,NaN,NaN,0.0022216520730591696,0.001961030003576448,NaN,NaN,NaN,NaN,NaN,NaN,NaN,NaN,NaN,NaN,NaN,NaN,NaN,0.0020168623550324834,NaN,NaN,NaN,NaN,NaN,0.002188617061018901,NaN,NaN,NaN,0.001625077480301985,NaN,NaN,NaN,NaN
0.0013210855120024314,0.0010025366671496962,0.0013897189885587779,NaN,NaN,NaN,0.0016569707240768855,0.0007212216409318979,NaN,NaN,NaN,NaN,NaN,NaN,NaN,0.0021646312228140374,NaN,0.0013895955657755997,NaN,0.0010515029523134752,NaN,NaN,0.009993269777854858,NaN,NaN,0.0,NaN,NaN,NaN,NaN,NaN,NaN,NaN,NaN,NaN,NaN,NaN,NaN,0.0008165870899522359,0.0008445213502924732,NaN,0.0014181764227802012,NaN,NaN,NaN,NaN,NaN,NaN,NaN,0.001242457520460141,NaN,NaN,NaN,NaN,0.0009495530457162726,0.0014217041899971788,NaN,0.0014894187700820712,NaN,0.000790666874833229,NaN,NaN,NaN,0.0015543094505143695
NaN,NaN,0.003851603196857978,0.0032847416669786575,0.0032992222526286646,NaN,NaN,NaN,NaN,NaN,NaN,NaN,NaN,NaN,NaN,0.004578527932266102,0.003374258376936272,0.0037766430210469932,0.005877139121679271,NaN,NaN,0.0039987201514575235,NaN,NaN,0.004066187664208867,NaN,0.0,0.003360524385027721,0.003835165200810961,NaN,NaN,NaN,NaN,NaN,NaN,NaN,NaN,NaN,NaN,NaN,NaN,NaN,0.003314335375766528,0.003221830572168107,NaN,0.004683021235813525,NaN,NaN,NaN,NaN,NaN,NaN,NaN,NaN,NaN,NaN,0.004327511760447129,NaN,0.004743523958841619,NaN,NaN,NaN,NaN,NaN
NaN,NaN,NaN,NaN,NaN,NaN,0.0016269201639130693,NaN,NaN,NaN,NaN,NaN,NaN,0.000801752576504188,NaN,NaN,NaN,0.0013131250653824747,NaN,0.0009680500309995718,NaN,NaN,NaN,0.0012365450004554585,0.0017357075348957407,NaN,0.003360524385027721,0.0,NaN,NaN,NaN,NaN,NaN,NaN,NaN,NaN,NaN,NaN,NaN,NaN,NaN,0.0013079425818237436,NaN,NaN,NaN,NaN,NaN,NaN,NaN,NaN,0.0009940100975419002,0.0009522806729178511,NaN,NaN,0.000830398325009536,NaN,NaN,NaN,0.0023430822482067726,NaN,0.0006515108449275804,NaN,NaN,NaN
0.001796765642182026,0.0014822007479637482,NaN,NaN,NaN,NaN,NaN,NaN,0.001222267932741519,NaN,0.001790442233567273,NaN,NaN,NaN,NaN,NaN,0.0014452684059270172,0.0017740462293166406,NaN,NaN,NaN,0.002126334302490691,0.008659229183341556,NaN,NaN,NaN,0.003835165200810961,NaN,0.0,0.0013554867104943278,NaN,NaN,NaN,NaN,NaN,NaN,NaN,NaN,NaN,NaN,0.001696877145661999,NaN,NaN,NaN,NaN,0.0028135064551605945,NaN,0.0013241115404533555,0.00270315378358352,NaN,0.0015570337471397014,NaN,NaN,0.0017541103286531994,0.0014517242380341414,NaN,0.002251765013320291,NaN,NaN,NaN,NaN,NaN,NaN,0.002007702307896339
NaN,NaN,NaN,NaN,0.0007841380739303433,NaN,NaN,NaN,NaN,NaN,NaN,NaN,NaN,NaN,NaN,NaN,NaN,NaN,NaN,NaN,NaN,NaN,NaN,0.0012268928969205036,NaN,NaN,NaN,NaN,0.0013554867104943278,0.0,NaN,NaN,NaN,NaN,NaN,NaN,NaN,0.002789465394517025,NaN,0.0007478116745051347,NaN,NaN,NaN,NaN,NaN,NaN,NaN,NaN,NaN,NaN,NaN,NaN,0.0019413281098942053,NaN,NaN,NaN,0.0017914909401487897,NaN,NaN,NaN,NaN,NaN,NaN,0.0015265737158990517
NaN,0.0016949660484911107,NaN,NaN,NaN,NaN,NaN,NaN,NaN,NaN,NaN,0.0028398482852481826,NaN,NaN,NaN,NaN,0.0017370278784736037,NaN,NaN,NaN,NaN,NaN,0.013871721206655517,NaN,0.002559535887520443,NaN,NaN,NaN,NaN,NaN,0.0,NaN,NaN,NaN,NaN,NaN,NaN,NaN,NaN,NaN,NaN,0.002278036789219201,NaN,0.0015827281716232942,NaN,NaN,NaN,0.0016898062225277437,0.00304665121630869,NaN,NaN,NaN,NaN,NaN,NaN,NaN,NaN,NaN,NaN,NaN,0.001586291277786941,NaN,NaN,0.002495171361251386
NaN,NaN,NaN,NaN,NaN,NaN,NaN,NaN,NaN,NaN,NaN,NaN,0.001851760360437291,NaN,NaN,NaN,0.0008828451942821509,NaN,NaN,0.0010101071994705528,0.0012789463792572454,0.0015721429068636021,NaN,NaN,NaN,NaN,NaN,NaN,NaN,NaN,NaN,0.0,NaN,NaN,0.0014173442341259077,0.0010272235402602758,NaN,0.0027826992876072497,NaN,NaN,NaN,NaN,NaN,NaN,NaN,NaN,0.000803347339069364,NaN,0.0021987719921461773,NaN,NaN,NaN,NaN,NaN,NaN,NaN,NaN,NaN,0.002328654747196269,NaN,0.0007027998032592841,NaN,NaN,NaN
0.0016600989051720478,NaN,NaN,NaN,NaN,NaN,NaN,NaN,NaN,NaN,NaN,NaN,0.002122280793592468,NaN,NaN,NaN,NaN,NaN,NaN,NaN,NaN,NaN,0.009113608892773566,NaN,NaN,NaN,NaN,NaN,NaN,NaN,NaN,NaN,0.0,NaN,0.0017167243133777708,NaN,0.0014529758153502036,0.002980716839024884,NaN,NaN,NaN,0.001746320795293393,0.0011596558540010024,NaN,NaN,NaN,NaN,NaN,NaN,NaN,NaN,NaN,NaN,NaN,0.001209986746760202,NaN,NaN,NaN,NaN,NaN,NaN,NaN,NaN,NaN
NaN,NaN,NaN,NaN,NaN,NaN,0.0023254895219299537,NaN,NaN,NaN,NaN,NaN,0.002417704823943418,NaN,NaN,NaN,0.001486495962178653,NaN,NaN,0.001701109831990156,NaN,NaN,0.013292746428256475,NaN,NaN,NaN,NaN,NaN,NaN,NaN,NaN,NaN,NaN,0.0,NaN,NaN,NaN,NaN,0.0014494999285378516,NaN,NaN,0.002102406151985287,NaN,NaN,NaN,NaN,0.0015008914636196783,NaN,NaN,NaN,0.0016818140032532232,NaN,NaN,NaN,NaN,0.002062277659658252,NaN,NaN,NaN,NaN,NaN,0.004021808169626069,NaN,NaN
NaN,0.0014940082506799991,0.001912115692389599,NaN,NaN,0.0022507051205724344,NaN,NaN,NaN,0.0017505252219552586,NaN,NaN,NaN,NaN,NaN,NaN,NaN,NaN,NaN,NaN,NaN,NaN,NaN,0.0018266232599068147,0.0022216520730591696,NaN,NaN,NaN,NaN,NaN,NaN,0.0014173442341259077,0.0017167243133777708,NaN,0.0,NaN,NaN,NaN,NaN,NaN,0.0017160365102767646,NaN,0.0013449662454274181,NaN,NaN,NaN,NaN,NaN,NaN,NaN,NaN,NaN,NaN,NaN,NaN,NaN,NaN,NaN,0.002852952235732937,NaN,NaN,NaN,NaN,NaN
NaN,NaN,NaN,NaN,0.0010170389275330001,NaN,NaN,NaN,NaN,NaN,NaN,NaN,NaN,NaN,NaN,NaN,NaN,NaN,NaN,NaN,NaN,NaN,NaN,0.0014376649675394131,0.001961030003576448,NaN,NaN,NaN,NaN,NaN,NaN,0.0010272235402602758,NaN,NaN,NaN,0.0,NaN,0.0029801700808545577,NaN,NaN,NaN,NaN,NaN,NaN,NaN,NaN,NaN,0.0010387486820294756,NaN,0.0014090528692580209,0.0011930695854561145,NaN,NaN,NaN,0.001094560909462005,NaN,NaN,0.0016382157163600014,NaN,NaN,0.0008969273601845538,NaN,NaN,NaN
NaN,NaN,NaN,NaN,NaN,NaN,0.0018854829960725115,NaN,0.0008930899202823639,NaN,NaN,NaN,NaN,NaN,NaN,0.002342172568150677,0.0011132406617981488,0.0015251738190906001,NaN,NaN,NaN,NaN,NaN,NaN,NaN,NaN,NaN,NaN,NaN,NaN,NaN,NaN,0.0014529758153502036,NaN,NaN,NaN,0.0,NaN,NaN,NaN,0.0013840427025893563,NaN,NaN,0.0009294615325665658,NaN,NaN,NaN,NaN,NaN,NaN,NaN,NaN,NaN,NaN,NaN,0.0016571530740812064,NaN,0.0016466123868519582,0.0025643813492310305,NaN,NaN,0.003533837196089276,NaN,NaN
0.003224990299833196,NaN,NaN,NaN,NaN,NaN,NaN,NaN,NaN,NaN,NaN,NaN,NaN,NaN,NaN,NaN,NaN,NaN,NaN,NaN,0.0031148471091641053,0.0034533637022259,0.010915774462471101,NaN,NaN,NaN,NaN,NaN,NaN,0.002789465394517025,NaN,0.0027826992876072497,0.002980716839024884,NaN,NaN,0.0029801700808545577,NaN,0.0,0.002714861421485928,NaN,NaN,NaN,NaN,NaN,NaN,0.0035929948535207397,NaN,0.0027795712692465302,NaN,NaN,NaN,NaN,NaN,0.0031228354321111065,NaN,0.0032905502271565077,NaN,NaN,NaN,NaN,NaN,NaN,NaN,NaN
NaN,NaN,NaN,NaN,0.0007613421365216187,NaN,0.0015695733280172107,NaN,NaN,NaN,NaN,NaN,0.0017844295074215565,NaN,0.001357803047314423,NaN,NaN,NaN,0.003483214822030805,0.0009424166624862965,NaN,NaN,0.01360021484953479,0.0011691081492809664,NaN,0.0008165870899522359,NaN,NaN,NaN,NaN,NaN,NaN,NaN,0.0014494999285378516,NaN,NaN,NaN,0.002714861421485928,0.0,0.000727040213180293,0.001106815317158628,NaN,NaN,NaN,NaN,NaN,NaN,0.0007355567283733777,NaN,NaN,NaN,NaN,NaN,NaN,NaN,NaN,NaN,0.0014153732126533022,NaN,NaN,NaN,NaN,NaN,NaN
0.001255920571892367,NaN,0.0013270821730205482,0.0006420356367210807,0.0007289451838145444,0.0016721774208478732,NaN,NaN,NaN,NaN,0.0012463179720088931,NaN,NaN,NaN,NaN,0.0021172096011094934,NaN,0.0013035133228953364,NaN,NaN,NaN,NaN,NaN,NaN,NaN,0.0008445213502924732,NaN,NaN,NaN,0.0007478116745051347,NaN,NaN,NaN,NaN,NaN,NaN,NaN,NaN,0.000727040213180293,0.0,NaN,NaN,0.0007010625777942957,NaN,NaN,NaN,NaN,NaN,NaN,NaN,NaN,NaN,NaN,NaN,NaN,NaN,NaN,NaN,0.0023025262353944622,NaN,NaN,NaN,NaN,NaN
NaN,0.0012940214600640205,NaN,0.0010873617263462833,0.0011132266496983912,NaN,NaN,NaN,NaN,NaN,NaN,NaN,NaN,NaN,NaN,NaN,NaN,0.0016130162993314974,NaN,NaN,NaN,NaN,NaN,NaN,NaN,NaN,NaN,NaN,0.001696877145661999,NaN,NaN,NaN,NaN,NaN,0.0017160365102767646,NaN,0.0013840427025893563,NaN,0.001106815317158628,NaN,0.0,NaN,0.0011043023174248181,NaN,0.002485646159280438,0.0025936646360910287,NaN,NaN,NaN,NaN,NaN,NaN,0.0022649310082210475,NaN,NaN,NaN,NaN,0.001746446412168606,NaN,NaN,NaN,NaN,NaN,0.0018631208379489487
NaN,NaN,NaN,NaN,0.0013584336798129644,NaN,NaN,NaN,0.0011851040589476774,NaN,NaN,NaN,NaN,NaN,NaN,NaN,NaN,NaN,NaN,NaN,NaN,0.002109814568752272,NaN,NaN,NaN,0.0014181764227802012,NaN,0.0013079425818237436,NaN,NaN,0.002278036789219201,NaN,0.001746320795293393,0.002102406151985287,NaN,NaN,NaN,NaN,NaN,NaN,NaN,0.0,NaN,NaN,NaN,NaN,NaN,NaN,NaN,NaN,NaN,NaN,NaN,NaN,NaN,NaN,NaN,0.0019971402035689856,NaN,NaN,NaN,0.004053544879472435,NaN,NaN
NaN,NaN,NaN,NaN,NaN,0.0016832171275174223,NaN,NaN,0.0005858495465835233,NaN,NaN,NaN,NaN,NaN,0.0013542296008714288,NaN,NaN,NaN,NaN,NaN,NaN,NaN,NaN,NaN,NaN,NaN,0.003314335375766528,NaN,NaN,NaN,NaN,NaN,0.0011596558540010024,NaN,0.0013449662454274181,NaN,NaN,NaN,NaN,0.0007010625777942957,0.0011043023174248181,NaN,0.0,NaN,NaN,NaN,NaN,NaN,0.002183374986577249,NaN,NaN,NaN,0.0019260357882373525,NaN,NaN,NaN,NaN,NaN,NaN,0.00067489937989323,NaN,NaN,NaN,NaN
0.0011678139817043029,NaN,NaN,NaN,NaN,NaN,NaN,NaN,NaN,NaN,NaN,NaN,0.0017342940140593613,NaN,NaN,NaN,NaN,0.0011942961999728545,NaN,NaN,NaN,NaN,NaN,NaN,NaN,NaN,0.003221830572168107,NaN,NaN,NaN,0.0015827281716232942,NaN,NaN,NaN,NaN,NaN,0.0009294615325665658,NaN,NaN,NaN,NaN,NaN,NaN,0.0,0.0020311227144856627,NaN,NaN,NaN,0.0020906389605832142,NaN,NaN,NaN,NaN,0.0010858273048615077,NaN,NaN,NaN,NaN,NaN,0.0005847576387399944,0.0005518606770675726,0.0033044002742954165,NaN,NaN
NaN,NaN,NaN,NaN,NaN,NaN,NaN,NaN,0.002006904465425585,NaN,NaN,NaN,0.0031075240665390984,NaN,NaN,NaN,NaN,NaN,NaN,0.002378967263085474,NaN,NaN,NaN,NaN,NaN,NaN,NaN,NaN,NaN,NaN,NaN,NaN,NaN,NaN,NaN,NaN,NaN,NaN,NaN,NaN,0.002485646159280438,NaN,NaN,0.0020311227144856627,0.0,NaN,NaN,NaN,NaN,NaN,NaN,NaN,NaN,NaN,NaN,NaN,NaN,NaN,NaN,NaN,NaN,NaN,0.002319617444838476,NaN
NaN,NaN,NaN,NaN,NaN,0.003111828043837699,NaN,0.0020714183156570775,NaN,NaN,NaN,NaN,NaN,NaN,0.0028120910143898995,NaN,NaN,NaN,NaN,NaN,0.002655053030199,NaN,NaN,NaN,NaN,NaN,0.004683021235813525,NaN,0.0028135064551605945,NaN,NaN,NaN,NaN,NaN,NaN,NaN,NaN,0.0035929948535207397,NaN,NaN,0.0025936646360910287,NaN,NaN,NaN,NaN,0.0,NaN,NaN,NaN,NaN,NaN,NaN,NaN,0.002640807287287795,NaN,NaN,NaN,NaN,0.0037931547377893205,NaN,0.002166635648187941,NaN,NaN,0.0029218390380075783
NaN,NaN,NaN,NaN,NaN,NaN,NaN,NaN,NaN,NaN,NaN,0.0018450843813418386,NaN,NaN,0.0014044388396712115,NaN,NaN,NaN,NaN,NaN,NaN,NaN,NaN,NaN,NaN,NaN,NaN,NaN,NaN,NaN,NaN,0.000803347339069364,NaN,0.0015008914636196783,NaN,NaN,NaN,NaN,NaN,NaN,NaN,NaN,NaN,NaN,NaN,NaN,0.0,NaN,NaN,0.0011771446173789615,NaN,NaN,0.0019285297792597847,NaN,NaN,0.0013645110649193812,NaN,NaN,0.002304145947744356,NaN,NaN,NaN,0.0009706566624859496,NaN
NaN,NaN,NaN,0.0006853244203057552,NaN,NaN,NaN,NaN,NaN,0.0011416278474628686,NaN,NaN,NaN,NaN,NaN,NaN,NaN,0.0013013134825152063,NaN,0.0009456001844177741,NaN,NaN,NaN,NaN,NaN,NaN,NaN,NaN,0.0013241115404533555,NaN,0.0016898062225277437,NaN,NaN,NaN,NaN,0.0010387486820294756,NaN,0.0027795712692465302,0.0007355567283733777,NaN,NaN,NaN,NaN,NaN,NaN,NaN,NaN,0.0,NaN,NaN,0.001013872378139697,NaN,NaN,NaN,NaN,NaN,NaN,NaN,NaN,0.0007076423254544546,NaN,NaN,NaN,NaN
NaN,NaN,NaN,NaN,NaN,NaN,NaN,NaN,NaN,NaN,NaN,NaN,NaN,NaN,NaN,NaN,NaN,NaN,NaN,NaN,0.002592823052096518,NaN,0.012850986951556108,NaN,NaN,NaN,NaN,NaN,0.00270315378358352,NaN,0.00304665121630869,0.0021987719921461773,NaN,NaN,NaN,NaN,NaN,NaN,NaN,NaN,NaN,NaN,0.002183374986577249,0.0020906389605832142,NaN,NaN,NaN,NaN,0.0,0.002547119868580666,NaN,0.0022597432281336086,NaN,NaN,NaN,NaN,NaN,NaN,NaN,0.002121842888823123,NaN,NaN,NaN,NaN
NaN,NaN,NaN,NaN,NaN,NaN,NaN,NaN,0.001044951560133662,NaN,NaN,NaN,0.0021614167482933494,NaN,NaN,0.0025040523975282535,NaN,0.0017045316946206802,0.00389883736442561,0.0013611472495816189,0.0016612621401031035,NaN,0.012655230695852528,NaN,0.0020168623550324834,0.001242457520460141,NaN,NaN,NaN,NaN,NaN,NaN,NaN,NaN,NaN,0.0014090528692580209,NaN,NaN,NaN,NaN,NaN,NaN,NaN,NaN,NaN,NaN,0.0011771446173789615,NaN,0.002547119868580666,0.0,NaN,NaN,0.0022271435544740986,0.0015780267386956363,NaN,0.001726825648082326,NaN,0.0017647241836957904,NaN,NaN,NaN,NaN,NaN,NaN
NaN,0.0011087590492275443,NaN,NaN,NaN,NaN,NaN,NaN,0.0008846696504732393,0.0013590872944001793,NaN,NaN,NaN,NaN,NaN,NaN,NaN,NaN,NaN,0.001200938138011848,NaN,NaN,NaN,NaN,NaN,NaN,NaN,0.0009940100975419002,0.0015570337471397014,NaN,NaN,NaN,NaN,0.0016818140032532232,NaN,0.0011930695854561145,NaN,NaN,NaN,NaN,NaN,NaN,NaN,NaN,NaN,NaN,NaN,0.001013872378139697,NaN,NaN,0.0,NaN,NaN,NaN,NaN,NaN,NaN,NaN,NaN,NaN,NaN,NaN,NaN,NaN
NaN,0.0011140671820630786,0.0015410844897845537,NaN,NaN,NaN,NaN,NaN,0.0008426829554812096,NaN,NaN,0.002083782702113171,0.001929176866535283,NaN,NaN,NaN,NaN,NaN,NaN,NaN,NaN,NaN,NaN,NaN,NaN,NaN,NaN,0.0009522806729178511,NaN,NaN,NaN,NaN,NaN,NaN,NaN,NaN,NaN,NaN,NaN,NaN,NaN,NaN,NaN,NaN,NaN,NaN,NaN,NaN,0.0022597432281336086,NaN,NaN,0.0,NaN,NaN,NaN,NaN,NaN,0.0015633958853894805,NaN,NaN,NaN,0.0035013495969763836,NaN,NaN
NaN,NaN,0.0025287615151087356,0.001961634079806571,0.001944395400410382,NaN,NaN,NaN,NaN,NaN,NaN,NaN,0.002723022493686312,NaN,NaN,NaN,NaN,NaN,NaN,NaN,NaN,NaN,0.01029910443034669,NaN,NaN,NaN,NaN,NaN,NaN,0.0019413281098942053,NaN,NaN,NaN,NaN,NaN,NaN,NaN,NaN,NaN,NaN,0.0022649310082210475,NaN,0.0019260357882373525,NaN,NaN,NaN,0.0019285297792597847,NaN,NaN,0.0022271435544740986,NaN,NaN,0.0,NaN,NaN,0.0023708562632768436,NaN,NaN,NaN,0.001866465409357641,NaN,NaN,NaN,NaN
NaN,NaN,0.00170636064875856,NaN,NaN,NaN,NaN,NaN,NaN,NaN,NaN,NaN,NaN,NaN,NaN,NaN,NaN,NaN,NaN,NaN,NaN,NaN,NaN,NaN,NaN,NaN,NaN,NaN,0.0017541103286531994,NaN,NaN,NaN,NaN,NaN,NaN,NaN,NaN,0.0031228354321111065,NaN,NaN,NaN,NaN,NaN,0.0010858273048615077,NaN,0.002640807287287795,NaN,NaN,NaN,0.0015780267386956363,NaN,NaN,NaN,0.0,NaN,NaN,NaN,NaN,0.0026541125534798593,NaN,NaN,NaN,0.001363574627584619,NaN
NaN,NaN,NaN,NaN,NaN,NaN,NaN,0.0006682553497203119,NaN,NaN,0.0013592127805896713,NaN,NaN,NaN,NaN,NaN,NaN,NaN,NaN,NaN,NaN,0.0016009374008976202,NaN,NaN,NaN,0.0009495530457162726,NaN,0.000830398325009536,0.0014517242380341414,NaN,NaN,NaN,0.001209986746760202,NaN,NaN,0.001094560909462005,NaN,NaN,NaN,NaN,NaN,NaN,NaN,NaN,NaN,NaN,NaN,NaN,NaN,NaN,NaN,NaN,NaN,NaN,0.0,NaN,NaN,NaN,0.0023669445148426825,NaN,NaN,NaN,NaN,NaN
NaN,NaN,NaN,NaN,NaN,NaN,NaN,NaN,NaN,0.0017108421597861931,NaN,NaN,NaN,NaN,0.001972500344106855,NaN,0.001450042025196666,NaN,NaN,NaN,NaN,NaN,0.007526532935407526,NaN,0.002188617061018901,0.0014217041899971788,NaN,NaN,NaN,NaN,NaN,NaN,NaN,0.002062277659658252,NaN,NaN,0.0016571530740812064,0.0032905502271565077,NaN,NaN,NaN,NaN,NaN,NaN,NaN,NaN,0.0013645110649193812,NaN,NaN,0.001726825648082326,NaN,NaN,0.0023708562632768436,NaN,NaN,0.0,NaN,0.0018685057283037644,NaN,0.0013321265292654406,NaN,0.004011186953838937,NaN,NaN
0.0022803822724422455,NaN,NaN,NaN,NaN,NaN,0.002632382155538105,NaN,NaN,NaN,0.002242539732422146,NaN,NaN,NaN,NaN,NaN,NaN,NaN,NaN,NaN,NaN,NaN,NaN,NaN,NaN,NaN,0.004327511760447129,NaN,0.002251765013320291,0.0017914909401487897,NaN,NaN,NaN,NaN,NaN,NaN,NaN,NaN,NaN,NaN,NaN,NaN,NaN,NaN,NaN,NaN,NaN,NaN,NaN,NaN,NaN,NaN,NaN,NaN,NaN,NaN,0.0,NaN,NaN,NaN,NaN,NaN,0.0019504663682168868,NaN
0.001910124576202293,NaN,NaN,NaN,NaN,NaN,0.0021751968724274683,NaN,NaN,NaN,0.001840115320829186,NaN,NaN,0.0014613453118470813,NaN,NaN,0.0015206061532108013,NaN,NaN,NaN,NaN,NaN,NaN,0.0018625428437325814,NaN,0.0014894187700820712,NaN,NaN,NaN,NaN,NaN,NaN,NaN,NaN,NaN,0.0016382157163600014,0.0016466123868519582,NaN,0.0014153732126533022,NaN,0.001746446412168606,0.0019971402035689856,NaN,NaN,NaN,NaN,NaN,NaN,NaN,0.0017647241836957904,NaN,0.0015633958853894805,NaN,NaN,NaN,0.0018685057283037644,NaN,0.0,NaN,NaN,NaN,NaN,NaN,NaN
NaN,0.002401239657554544,0.0028047353843587536,NaN,NaN,NaN,NaN,NaN,NaN,0.0026656427731448725,NaN,NaN,0.003242208718957297,NaN,NaN,NaN,NaN,NaN,0.004983242475950347,NaN,NaN,NaN,NaN,0.0027441639060285243,NaN,NaN,0.004743523958841619,0.0023430822482067726,NaN,NaN,NaN,0.002328654747196269,NaN,NaN,0.002852952235732937,NaN,0.0025643813492310305,NaN,NaN,0.0023025262353944622,NaN,NaN,NaN,NaN,NaN,0.0037931547377893205,0.002304145947744356,NaN,NaN,NaN,NaN,NaN,NaN,0.0026541125534798593,0.0023669445148426825,NaN,NaN,NaN,0.0,0.002240805742798711,NaN,NaN,NaN,0.0029680325943680064
NaN,0.0009181683714856669,NaN,NaN,NaN,NaN,NaN,NaN,0.0005630956476327941,NaN,NaN,NaN,NaN,NaN,NaN,NaN,NaN,NaN,NaN,0.0009169656096868702,NaN,NaN,NaN,NaN,0.001625077480301985,0.000790666874833229,NaN,NaN,NaN,NaN,NaN,NaN,NaN,NaN,NaN,NaN,NaN,NaN,NaN,NaN,NaN,NaN,0.00067489937989323,0.0005847576387399944,NaN,NaN,NaN,0.0007076423254544546,0.002121842888823123,NaN,NaN,NaN,0.001866465409357641,NaN,NaN,0.0013321265292654406,NaN,NaN,0.002240805742798711,0.0,NaN,NaN,0.0009045003353486652,NaN
NaN,NaN,0.0012336093731462993,NaN,0.0006956892001540667,NaN,NaN,NaN,0.0005243715973868348,NaN,0.0011573736475752542,NaN,NaN,NaN,NaN,NaN,0.0007099542950134795,NaN,NaN,NaN,NaN,NaN,NaN,NaN,NaN,NaN,NaN,0.0006515108449275804,NaN,NaN,0.001586291277786941,0.0007027998032592841,NaN,NaN,NaN,0.0008969273601845538,NaN,NaN,NaN,NaN,NaN,NaN,NaN,0.0005518606770675726,NaN,0.002166635648187941,NaN,NaN,NaN,NaN,NaN,NaN,NaN,NaN,NaN,NaN,NaN,NaN,NaN,NaN,0.0,NaN,NaN,NaN
0.0038458073674952314,0.0034410878371626996,NaN,NaN,NaN,NaN,NaN,NaN,NaN,NaN,0.003697464810321492,NaN,0.004458279140593162,NaN,NaN,NaN,NaN,NaN,NaN,0.003544618518324133,NaN,NaN,NaN,NaN,NaN,NaN,NaN,NaN,NaN,NaN,NaN,NaN,NaN,0.004021808169626069,NaN,NaN,0.003533837196089276,NaN,NaN,NaN,NaN,0.004053544879472435,NaN,0.0033044002742954165,NaN,NaN,NaN,NaN,NaN,NaN,NaN,0.0035013495969763836,NaN,NaN,NaN,0.004011186953838937,NaN,NaN,NaN,NaN,NaN,0.0,NaN,NaN
NaN,NaN,NaN,NaN,NaN,NaN,NaN,0.0007794563026445015,0.000815431882727855,NaN,0.0014344691809107725,NaN,0.0019790634766634193,0.0009959575017633377,NaN,NaN,NaN,0.0014849571997526123,NaN,NaN,NaN,NaN,NaN,NaN,NaN,NaN,NaN,NaN,NaN,NaN,NaN,NaN,NaN,NaN,NaN,NaN,NaN,NaN,NaN,NaN,NaN,NaN,NaN,NaN,0.002319617444838476,NaN,0.0009706566624859496,NaN,NaN,NaN,NaN,NaN,NaN,0.001363574627584619,NaN,NaN,0.0019504663682168868,NaN,NaN,0.0009045003353486652,NaN,NaN,0.0,NaN
NaN,NaN,NaN,NaN,NaN,NaN,0.002306580729500287,0.001414576804902535,NaN,NaN,NaN,NaN,NaN,NaN,NaN,0.002791811552589841,NaN,NaN,NaN,0.0017509271275410522,NaN,NaN,0.009250859254777692,NaN,NaN,0.0015543094505143695,NaN,NaN,0.002007702307896339,0.0015265737158990517,0.002495171361251386,NaN,NaN,NaN,NaN,NaN,NaN,NaN,NaN,NaN,0.0018631208379489487,NaN,NaN,NaN,NaN,0.0029218390380075783,NaN,NaN,NaN,NaN,NaN,NaN,NaN,NaN,NaN,NaN,NaN,NaN,0.0029680325943680064,NaN,NaN,NaN,NaN,0.0
