layer,expert,mean_kl_100,median_kl_100,low_damage_partners_100
first,0,0.0037876757066135952,0.0033596106603564963,55
first,1,0.003601097992164555,0.003207390887661606,56
first,2,0.003989500186506372,0.003565877808854575,55
first,3,0.004301093723983916,0.003875147239445811,54
first,4,0.004352028550676807,0.003930254027764194,54
first,5,0.005346314250126152,0.004873368000031963,36
first,6,0.014339260214616196,0.014116842202391228,0
first,7,0.003317459478988007,0.002911874136206746,59
first,8,0.0038906030405393313,0.003511109595190579,56
first,9,0.0035326388644022592,0.0031360468345709934,58
first,10,0.004315332527117222,0.0038830349413619763,54
first,11,0.0034018432456440657,0.003004957704187194,59
first,12,0.004552325705953238,0.004061857863278953,52
first,13,0.004546553090444613,0.004156894001801235,49
first,14,0.006127032340220682,0.0058373995188394845,9
first,15,0.004894280382233441,0.004491379219675655,45
first,16,0.004017244203321681,0.0036357819178508884,55
first,17,0.006168171705812007,0.005669226893354591,9
first,18,0.004933958599738311,0.004543547560646432,45
first,19,0.005584738238566459,0.0051499977568376185,27
first,20,0.003497096492198999,0.003095112806087277,57
first,21,0.0034001252198905844,0.0029640281472474357,59
first,22,0.004045196427897039,0.00353515599634682,55
first,23,0.003918003601064971,0.0034631949605242055,56
first,24,0.003992107814589654,0.0035122220259230542,55
first,25,0.004902264805970017,0.00455002698326978,44
first,26,0.006181862972058786,0.0057855251719206215,9
first,27,0.004663920526999463,0.004299969692273054,49
first,28,0.003726562894937125,0.003266429936924624,56
first,29,0.00546519446906194,0.004960263516427447,32
first,30,0.004899463581406937,0.004414632088829619,47
first,31,0.003916008282161834,0.0035248756942726066,55
first,32,0.004941347985837684,0.004543368512905886,43
first,33,0.004468770010087392,0.004023191693356897,50
first,34,0.003610715903039602,0.0032479447153488817,58
first,35,0.004033547895784801,0.003670714064280787,55
first,36,0.004325492425867561,0.003926681030335418,54
first,37,0.0049127724912980345,0.00449099013955663,44
first,38,0.0048296111504330655,0.004465889406520924,47
first,39,0.0033435285460591733,0.0030004230564616417,59
first,40,0.004690479470917808,0.004229588203116875,46
first,41,0.009943709539722827,0.009562742014540021,0
first,42,0.004611812344858833,0.004107808608724821,49
first,43,0.003216257112650235,0.002832271749852993,59
first,44,0.004708494079724832,0.004307191177646011,47
first,45,0.005341189836975182,0.004934103236703659,35
first,46,0.005266463783696339,0.004861977970609693,35
first,47,0.005264272484647208,0.004947512200769919,35
first,48,0.004151379470367733,0.003670714064280787,55
first,49,0.004586627637476753,0.0042089181816428066,51
first,50,0.004592782048367834,0.004154748899143648,49
first,51,0.0042460597269795355,0.0038628449805165246,54
first,52,0.0032252983993199505,0.002782722619741031,59
first,53,0.00606276737516847,0.005699120116545213,13
first,54,0.006444903812281543,0.006069075748267271,0
first,55,0.004308065973681761,0.0039188407339588085,55
first,56,0.004366856400056835,0.003973633697871018,54
first,57,0.01123321527710176,0.01044731229986058,0
first,58,0.0038368069460166772,0.0033478986678132402,55
first,59,0.004303060564733825,0.003875147239445811,55
first,60,0.004393824553203491,0.004081050430037519,51
first,61,0.004148426279269053,0.003780724055479903,55
first,62,0.004194982396043281,0.0038023558454823025,54
first,63,0.0032666847048090477,0.0027663375867808516,59
middle,0,0.0026114577604119706,0.002002051893382231,62
middle,1,0.002272325216420832,0.0017188480182827248,62
middle,2,0.0030197145837271328,0.0023143389031026647,60
middle,3,0.0019848804880489125,0.0013587637766670965,62
middle,4,0.0020804954489072685,0.0014045495100520645,62
middle,5,0.0032077692218407438,0.0025123215376868483,59
middle,6,0.0032507878319662864,0.002550313863469879,59
middle,7,0.0019243829797319103,0.001289498192457695,62
middle,8,0.001920793428554431,0.0012775580951288241,62
middle,9,0.0025294729958669124,0.0018821435734653544,62
middle,10,0.00266537866386061,0.0020665339125906326,62
middle,11,0.0033584463990887783,0.0026785296874430194,59
middle,12,0.0034242646361428673,0.0027993271054112677,59
middle,13,0.002231115983048073,0.0015119451106944998,62
middle,14,0.0027662979165175502,0.002063904935008353,61
middle,15,0.0039035062345576157,0.003211939209397808,58
middle,16,0.002303866400491374,0.0016588956114973116,62
middle,17,0.002777997630699642,0.0020973314849559005,62
middle,18,0.005299556732263724,0.004646311125260491,45
middle,19,0.002413086595270277,0.0016659827082764712,62
middle,20,0.002678060769105174,0.00194549477519098,62
middle,21,0.0029832493462917304,0.0022891273030763303,60
middle,22,0.03272545856149885,0.032850125346728334,0
middle,23,0.0027393612207768955,0.0020774608413022377,62
middle,24,0.0032966744515464516,0.00257116413027715,59
middle,25,0.002216283695675216,0.0015586792706667426,62
middle,26,0.005493509758512715,0.0048149721892088125,40
middle,27,0.002150761384563026,0.0015377854193412408,62
middle,28,0.0028446772057960233,0.00225437588055174,60
middle,29,0.0021884730328580217,0.0014889904485448028,62
middle,30,0.003391434631929953,0.002683515973728566,59
middle,31,0.00216348791881386,0.0015167155898951365,62
middle,32,0.0026427824889770214,0.001963461814100351,62
middle,33,0.003010929543290947,0.002307296851881528,59
middle,34,0.0027563660475484297,0.0020768931000199964,62
middle,35,0.0024983222815051728,0.0018026826965826935,62
middle,36,0.0024246421051717835,0.0017758328471758887,62
middle,37,0.0045964344504153855,0.003937402611095722,55
middle,38,0.0021500388242115804,0.001412852443512232,62
middle,39,0.002153434616705274,0.0014600964626577159,62
middle,40,0.0024999681381297706,0.0018512150021152847,62
middle,41,0.002669530259899208,0.0020561265992727193,61
middle,42,0.0020887939585545645,0.0014170422166847627,62
middle,43,0.001977665327005184,0.0013303745718498679,62
middle,44,0.0038637736563501162,0.0032529581231559527,58
middle,45,0.004122737095011122,0.0035076135213366376,59
middle,46,0.0020771661299404096,0.0014112724612820773,62
middle,47,0.0021657256345236015,0.0014984764056103406,62
middle,48,0.0036719877346478086,0.003036152158957747,59
middle,49,0.0026464581418939293,0.001964331729995319,62
middle,50,0.002434471125327865,0.0017529172335293954,62
middle,51,0.0024026166489919875,0.001795197203137652,62
middle,52,0.0038754523241109557,0.0031475473387606737,58
middle,53,0.0026894675416631653,0.0019940359245102664,62
middle,54,0.0021153117945823326,0.0015020802400536617,62
middle,55,0.0027935085622924436,0.002261935583227531,61
middle,56,0.003431191383802563,0.002771079283198688,59
middle,57,0.002936253015822777,0.002184991835963336,61
middle,58,0.003768608468588933,0.0030275537920761227,58
middle,59,0.0020115021298896217,0.001373086985324521,62
middle,60,0.0020134124454198846,0.0013450598622349863,62
middle,61,0.0054751835123513235,0.0048127492426965094,38
middle,62,0.002393527464909032,0.0017576250244751327,62
middle,63,0.003055435275783552,0.0024115462940469553,60
last,0,0.006590270330498809,0.006178253419877289,17
last,1,0.003099776083310076,0.0025724634336199877,51
last,2,0.005964166065162634,0.005361654833483911,25
last,3,0.008173294802767373,0.00767086503009825,0
last,4,0.0035826683601114413,0.0031071872398685013,48
last,5,0.0033900999820231418,0.0029562341260079557,49
last,6,0.005443112569840555,0.004982280657107183,32
last,7,0.00949534779314867,0.008794563897920504,0
last,8,0.0029152925603693103,0.0024639467252196715,53
last,9,0.0041613001750026996,0.0036659344657346423,44
last,10,0.005929776991259187,0.005460611086319164,26
last,11,0.003457281097942372,0.003094418420396217,49
last,12,0.0039645916752582425,0.0034602961845126732,46
last,13,0.007394422815919984,0.006972017164370418,2
last,14,0.004728643254169601,0.0042001208267376,39
last,15,0.005158034040940789,0.004708217901799665,35
last,16,0.007087377743516875,0.006429183167003821,8
last,17,0.0051382765660924,0.0046988859948036855,35
last,18,0.002789648592086108,0.0024654247300357115,54
last,19,0.002794031408601991,0.0022910527384385707,53
last,20,0.004110856890155336,0.003691141595493571,46
last,21,0.007910400002795368,0.0074874210959584185,0
last,22,0.0033889742110936876,0.0030095671053905746,50
last,23,0.004271883625694203,0.0038276688421849656,43
last,24,0.002826535746763835,0.002365230930125723,54
last,25,0.003104960595292093,0.002675323974677583,51
last,26,0.008029002996836265,0.0074369786457495965,0
last,27,0.0056693151816166075,0.005139065280708122,29
last,28,0.006594729389322358,0.0059329133138380724,19
last,29,0.0045804667304465176,0.004157102007803787,39
last,30,0.0030330008551781905,0.0025725548183087987,51
last,31,0.004888372652661324,0.004343929067964784,38
last,32,0.0027100085488820204,0.0023053257856984646,54
last,33,0.0028491590910539816,0.002389874495159055,53
last,34,0.0034859363937286038,0.003037793919735989,49
last,35,0.004643149943416603,0.004261754587355108,40
last,36,0.0053878858559523206,0.004873837706764677,33
last,37,0.003073992074761401,0.002654546529250255,53
last,38,0.003992150431540556,0.0035343371020171523,45
last,39,0.0027040895379983423,0.002400203835565952,55
last,40,0.0076668678447399325,0.007163944844881503,0
last,41,0.005905479778377438,0.005390152473325152,25
last,42,0.0034896068147519934,0.002978758353957842,48
last,43,0.005638882969239626,0.0051469992312547985,30
last,44,0.0027421903469535894,0.0023031344871745183,54
last,45,0.005837276706052158,0.005427475757129724,26
last,46,0.004300511002010413,0.003890644860233631,44
last,47,0.006523646215412597,0.006097998279768313,20
last,48,0.007281432642969577,0.006754515228466393,8
last,49,0.010035593549071308,0.00948480602888178,0
last,50,0.003028094514644832,0.002600464845575657,52
last,51,0.0031277349908778573,0.0026854104982022976,50
last,52,0.007058400867294729,0.006641227274062407,10
last,53,0.004998565853326793,0.004302060546449274,36
last,54,0.004912655034738036,0.004327929257320998,37
last,55,0.008582827401320338,0.008079797863758342,0
last,56,0.007611329275267054,0.006984862596994842,10
last,57,0.004266792420997804,0.003855817028657339,41
last,58,0.0036962711261762336,0.0032719204831146735,47
last,59,0.011903584514513364,0.011296725511791518,0
last,60,0.006242884816325601,0.005785550488086162,23
last,61,0.004699270329561051,0.00420644082506944,39
last,62,0.004208478767226507,0.0038246751029874337,42
last,63,0.0035621325318302387,0.003130679859617788,48
