K,Precision_Geometry,Precision_CARE,Std_Geometry,Std_CARE,Delta_Precision,Mean_Oracle_KL_Geometry,Mean_Oracle_KL_CARE,Mean_Oracle_KL_True
1,0.3333333333333333,0.0,0.47140452079103173,0.0,-0.3333333333333333,0.0011802062,0.0012943925,0.0007049773
2,0.26666666666666666,0.03333333333333333,0.3091206165165235,0.12472191289246472,-0.23333333333333334,0.0011830033,0.0012155509,0.0007339216
3,0.31111111111111117,0.08888888888888888,0.22662308949301266,0.14740554623801777,-0.2222222222222223,0.001206376,0.0012413885,0.00075266225
4,0.2833333333333333,0.15,0.15456030825826175,0.21984843263788198,-0.13333333333333333,0.0012143557,0.001233483,0.0007705784
5,0.28,0.14666666666666664,0.1758787461103056,0.18571184369578828,-0.1333333333333334,0.0012717842,0.001277294,0.00078629784
6,0.3,0.14444444444444443,0.16329931618554522,0.15947444549341472,-0.15555555555555556,0.00137176,0.0012698912,0.0008008093
7,0.30476190476190473,0.1714285714285714,0.15532863266952462,0.18220120447341898,-0.13333333333333333,0.0014265444,0.001286574,0.0008166663
8,0.35,0.20833333333333334,0.13070322617798436,0.18633899812498245,-0.14166666666666664,0.0014470565,0.001306372,0.0008313144
9,0.37037037037037035,0.21481481481481485,0.14998856838012287,0.1835483213831684,-0.1555555555555555,0.0014564674,0.0012998711,0.00084596477
10,0.37333333333333335,0.22666666666666668,0.1436043948569201,0.16519348924485155,-0.14666666666666667,0.0014758079,0.0013002658,0.0008605302
11,0.3696969696969696,0.24242424242424238,0.15380093988423663,0.16486630919679324,-0.1272727272727272,0.001511152,0.0013221424,0.0008751601
12,0.3722222222222222,0.24999999999999997,0.14229164972072997,0.1551582227085438,-0.1222222222222222,0.0015067833,0.0013271793,0.00088891113
13,0.3846153846153847,0.25641025641025644,0.14862950508912243,0.1529890655402697,-0.12820512820512825,0.0015113861,0.0013290882,0.0009020526
14,0.3952380952380953,0.2761904761904762,0.15620209016054026,0.15620209016054026,-0.11904761904761907,0.0015079823,0.0013335082,0.000914487
15,0.4088888888888889,0.29333333333333333,0.15176329847967887,0.16293602470954097,-0.11555555555555558,0.0015144628,0.001336127,0.00092674413
16,0.43333333333333335,0.3,0.16687486995417322,0.1567907310185565,-0.13333333333333336,0.0015051608,0.001341445,0.0009386335
17,0.44313725490196076,0.3333333333333333,0.17030628039692913,0.17003516383277492,-0.10980392156862745,0.0015148517,0.0013466232,0.00095019524
18,0.44814814814814813,0.33333333333333337,0.1702898360381133,0.15581988124416765,-0.11481481481481476,0.0015067832,0.0013564152,0.0009615432
19,0.4666666666666667,0.3333333333333333,0.1651733655570501,0.15213672553458807,-0.13333333333333336,0.0015228053,0.0013682914,0.0009734615
20,0.47333333333333333,0.3366666666666667,0.17594190960528863,0.14996295838935988,-0.1366666666666666,0.0015164475,0.0013684292,0.0009847713
21,0.4793650793650793,0.3492063492063492,0.1653843336842045,0.15519881348038497,-0.13015873015873014,0.0015165317,0.0013743964,0.0009963698
22,0.4878787878787879,0.36060606060606065,0.16882894881435295,0.15699192541804385,-0.12727272727272726,0.0015325062,0.0013760536,0.0010078159
23,0.4869565217391304,0.3652173913043477,0.16965809422216693,0.15457729421418415,-0.12173913043478268,0.0015386932,0.0013813062,0.0010189943
24,0.49166666666666664,0.3916666666666666,0.16818750559134002,0.15869840952317443,-0.10000000000000003,0.0015425013,0.0013776593,0.0010298156
25,0.5013333333333334,0.41333333333333333,0.16451409936199662,0.1669597423199843,-0.08800000000000008,0.0015536507,0.0013808272,0.0010402446
26,0.5102564102564103,0.423076923076923,0.1455904570931117,0.17653245618521543,-0.08717948717948731,0.0015551412,0.0013856725,0.00105062
27,0.5234567901234568,0.4444444444444444,0.1511224073886356,0.16396995274947151,-0.07901234567901239,0.0015632329,0.0013867097,0.0010608124
28,0.5214285714285715,0.46190476190476193,0.14451419909993826,0.17126314769861375,-0.059523809523809534,0.0015747359,0.0013889092,0.0010706498
29,0.5310344827586206,0.48735632183908045,0.1499372308884628,0.15669327069381123,-0.04367816091954019,0.0015764043,0.0013873933,0.0010801536
30,0.5311111111111111,0.511111111111111,0.15466411236715835,0.1561891856960496,-0.02000000000000013,0.0015942496,0.0013876284,0.0010896611
31,0.5419354838709677,0.5161290322580645,0.15321731725210214,0.15670913292246605,-0.02580645161290318,0.0015946198,0.001393432,0.0010989736
32,0.5395833333333333,0.5291666666666667,0.15201196955795584,0.14589284500009664,-0.01041666666666663,0.0015949602,0.0013972886,0.0011081455
33,0.5515151515151515,0.5474747474747476,0.1526021613577475,0.1423346662934023,-0.004040404040403955,0.0016030788,0.0013996322,0.0011172259
34,0.5588235294117647,0.5588235294117646,0.14043925160368614,0.1499711621644937,-1.1102230246251565e-16,0.0016069915,0.0014005594,0.0011262217
35,0.5619047619047619,0.5771428571428571,0.1406173624784133,0.14501231474799453,0.015238095238095162,0.0016227391,0.0014033741,0.0011351169
36,0.5703703703703703,0.5833333333333334,0.13374422285383547,0.14451565196390126,0.012962962962963065,0.0016222271,0.0014075856,0.001143899
37,0.5675675675675674,0.5981981981981982,0.12942908105274212,0.14194264786472888,0.030630630630630762,0.0016563005,0.0014077543,0.0011525326
38,0.5771929824561403,0.6070175438596492,0.13051028009401608,0.14137782188004056,0.029824561403508976,0.0016513221,0.0014092643,0.001161296
39,0.5897435897435898,0.6102564102564104,0.12939617687367908,0.1367093950299638,0.020512820512820662,0.0016575608,0.0014123532,0.0011700983
40,0.595,0.6183333333333334,0.12423096769056148,0.12892719737209143,0.023333333333333428,0.0016616948,0.0014141214,0.0011787979
41,0.6,0.6276422764227643,0.1308311719667736,0.12226517851777212,0.02764227642276429,0.001665977,0.0014229171,0.0011873909
42,0.6047619047619048,0.634920634920635,0.12712294000111699,0.12036310228653253,0.030158730158730163,0.0016652136,0.0014264716,0.0011959872
43,0.613953488372093,0.6387596899224806,0.12844846621524328,0.1073692384073227,0.024806201550387597,0.0016725508,0.0014320039,0.001204545
44,0.6151515151515151,0.6515151515151515,0.12488746081815079,0.10616877600821122,0.036363636363636376,0.0016815573,0.0014374375,0.001213158
45,0.6192592592592593,0.6592592592592593,0.1274935109567417,0.11145625406698685,0.040000000000000036,0.0016874125,0.001442169,0.0012216886
46,0.6217391304347826,0.6637681159420289,0.11579701075616337,0.11903483593264388,0.04202898550724632,0.0016965474,0.0014447642,0.0012301953
47,0.625531914893617,0.6652482269503547,0.11700193263717037,0.1179439234382264,0.039716312056737646,0.0016974726,0.0014509076,0.001238744
48,0.625,0.673611111111111,0.11486707293408518,0.10988911358251381,0.04861111111111105,0.0016992956,0.0014552068,0.0012472098
49,0.6326530612244898,0.6802721088435373,0.11153143690840381,0.10208615772682489,0.04761904761904745,0.001695899,0.0014579213,0.0012555777
50,0.632,0.6880000000000001,0.10678326960093826,0.10399999999999998,0.05600000000000005,0.0017047643,0.0014617945,0.0012638331
51,0.6313725490196078,0.6928104575163399,0.10720548263431463,0.09886363608464856,0.06143790849673203,0.0017099034,0.0014678485,0.0012720316
52,0.632051282051282,0.7,0.10412277181665103,0.09800776848008408,0.06794871794871793,0.0017117437,0.0014710185,0.0012801159
53,0.6364779874213835,0.7094339622641509,0.1013652307819159,0.09811320754716983,0.07295597484276739,0.0017105028,0.001472551,0.001288236
54,0.6382716049382716,0.7123456790123457,0.10538033250801629,0.09511782856423813,0.07407407407407407,0.0017152464,0.0014787405,0.0012962401
55,0.6424242424242426,0.7224242424242425,0.09613275180071931,0.09305744347960841,0.07999999999999996,0.0017185773,0.001479684,0.0013041435
56,0.6476190476190476,0.7297619047619046,0.09812586207140418,0.09031941303995553,0.08214285714285696,0.0017201793,0.0014835856,0.0013119797
57,0.6502923976608187,0.7380116959064327,0.09933949645654304,0.08841053187819536,0.08771929824561397,0.0017233974,0.0014844055,0.0013197308
58,0.6482758620689655,0.7448275862068966,0.09075365950874427,0.08497977190471047,0.09655172413793112,0.0017297032,0.0014878727,0.0013273789
59,0.6497175141242938,0.752542372881356,0.08875632491143721,0.08252456332885973,0.10282485875706215,0.0017322433,0.0014909924,0.0013348695
60,0.6500000000000001,0.7555555555555556,0.08606629658238703,0.07785710240602157,0.10555555555555551,0.0017344911,0.0014952358,0.001342233
61,0.6546448087431694,0.7628415300546447,0.09146437575041608,0.0754494233621561,0.10819672131147529,0.0017387102,0.0015009663,0.0013495086
62,0.6569892473118278,0.7677419354838709,0.09170725617299094,0.07256272180130316,0.11075268817204309,0.0017445108,0.0015061569,0.0013567863
63,0.6634920634920634,0.7735449735449736,0.089266017815717,0.07062253423688289,0.11005291005291029,0.0017539286,0.0015139881,0.0013640218
64,0.6635416666666667,0.778125,0.09407351587396365,0.06992369352849338,0.11458333333333326,0.001757098,0.001519066,0.0013712059
65,0.6635897435897434,0.7784615384615385,0.0964647963571487,0.06875620825474613,0.11487179487179511,0.0017639784,0.0015271741,0.0013783454
66,0.6696969696969697,0.7808080808080807,0.09806827204056544,0.07189478646171413,0.11111111111111105,0.0017648118,0.0015323035,0.0013854986
67,0.6766169154228855,0.7840796019900497,0.09698302830655686,0.07349725497559954,0.10746268656716418,0.0017615509,0.0015375606,0.001392546
68,0.6803921568627451,0.7872549019607843,0.10009607073019779,0.07379689908454438,0.10686274509803917,0.0017646538,0.0015408962,0.001399586
69,0.6801932367149758,0.7893719806763284,0.0994934543911575,0.0740628710984997,0.10917874396135263,0.0017713462,0.001548566,0.0014065417
70,0.6799999999999999,0.7952380952380954,0.09784063121038344,0.07444427522233447,0.11523809523809547,0.0017747884,0.0015502758,0.0014134308
71,0.6826291079812207,0.8028169014084505,0.09633455045018297,0.07748612595597279,0.12018779342722985,0.0017784844,0.0015529563,0.001420283
72,0.6861111111111111,0.8092592592592592,0.09699709384302073,0.0810595134379233,0.12314814814814812,0.0017815192,0.0015577452,0.0014271167
73,0.6922374429223743,0.8118721461187215,0.09658802554972246,0.08317022882211851,0.11963470319634717,0.0017820866,0.0015664905,0.0014339506
74,0.6972972972972972,0.8126126126126125,0.09754722654875074,0.08401112235585419,0.11531531531531536,0.0017913191,0.0015718804,0.0014407185
75,0.7013333333333333,0.8142222222222223,0.09927738916792686,0.08109862917658342,0.11288888888888904,0.0017941479,0.0015763383,0.0014474556
76,0.7026315789473684,0.8201754385964913,0.09738027429037135,0.07904477421802675,0.11754385964912295,0.0018015618,0.0015810058,0.0014541291
77,0.7038961038961039,0.8251082251082251,0.09545822650969851,0.08347685397883255,0.12121212121212122,0.0018039041,0.0015883943,0.0014608024
78,0.7102564102564101,0.8273504273504274,0.09442026994626651,0.08133591284355773,0.11709401709401734,0.0018044958,0.001595049,0.0014674809
